Product_Name,Brand_Name,Brand_Slug,Model_Code,Category,Price_THB,Product_URL,Source,Collection_Date
พลาสติกปูพื้น ก่อนเทคอนกรีต PE สีชา หนา 0.25 มม.,พลาสติกปูพื้น,onestockhome,34488756,cement,20000.0,https://www.onestockhome.com/th/products/99429278/pro-brown-pe-sheet-025-mm?item_id=34488756,OneStockHome,2026-05-01
พลาสติกปูพื้น ก่อนเทคอนกรีต PE สีชา หนา 0.25 มม.,พลาสติกปูพื้น,onestockhome,34488756,cement,20000.0,https://www.onestockhome.com/th/products/99429278/pro-brown-pe-sheet-025-mm,OneStockHome,2026-05-01
พลาสติกปูพื้น ก่อนเทคอนกรีต ขนาด 2 m X 100 m X 0.07 mm (หนา 70 ไมครอน) เนื้อ LDPE,พลาสติกปูพื้น,onestockhome,44875811,cement,20000.0,https://www.onestockhome.com/th/products/93852957/44081734,OneStockHome,2026-05-01
พลาสติกปูพื้น ก่อนเทคอนกรีต PE สีชา หนา 0.2 มม.,พลาสติกปูพื้น,onestockhome,59384389,cement,20000.0,https://www.onestockhome.com/th/products/70795960/pro-brown-pe-sheet-02-mm?item_id=59384389,OneStockHome,2026-05-01
พลาสติกปูพื้น ก่อนเทคอนกรีต ขนาด 2 m X 100 m X 0.07 mm (หนา 70 ไมครอน) เนื้อ LDPE,พลาสติกปูพื้น,onestockhome,44875811,cement,20000.0,https://www.onestockhome.com/th/products/93852957/44081734?item_id=44875811,OneStockHome,2026-05-01
พลาสติกปูพื้น ก่อนเทคอนกรีต หนา 0.07 mm.xกว้าง 1.2 m.xยาว 100m.,พลาสติกปูพื้น,onestockhome,1150370,cement,20000.0,https://www.onestockhome.com/th/products/51205859/44081734?item_id=1150370,OneStockHome,2026-05-01
พลาสติกปูพื้น ก่อนเทคอนกรีต หนา 0.07 mm.xกว้าง 1.2 m.xยาว 100m.,พลาสติกปูพื้น,onestockhome,1150370,cement,20000.0,https://www.onestockhome.com/th/products/51205859/44081734,OneStockHome,2026-05-01
แผ่นพลาสติกปูพื้นก่อนเทคอนกรีต แผ่นพลาสติกปูกันซึม PE สีชา,แผ่นพลาสติกปูพื้นก่อนเทคอนกรีต,onestockhome,9890725,cement,20000.0,https://www.onestockhome.com/th/products/64501878/pro-brown-pe-sheet_plastering-tools?item_id=9890725,OneStockHome,2026-05-01
พลาสติกปูพื้น ก่อนเทคอนกรีต PE สีชา หนา 0.1 มม.,พลาสติกปูพื้น,onestockhome,53637077,cement,20000.0,https://www.onestockhome.com/th/products/66697430/pro-brown-pe-sheet-01-mm,OneStockHome,2026-05-01
พลาสติกปูพื้น ก่อนเทคอนกรีต PE สีชา หนา 0.3 มม.,พลาสติกปูพื้น,onestockhome,43881344,cement,20000.0,https://www.onestockhome.com/th/products/25807831/pro-brown-pe-sheet-03-mm,OneStockHome,2026-05-01
แผ่นพลาสติกปูพื้นก่อนเทคอนกรีต แผ่นพลาสติกปูกันซึม PE สีชา,แผ่นพลาสติกปูพื้นก่อนเทคอนกรีต,onestockhome,9890725,cement,20000.0,https://www.onestockhome.com/th/products/64501878/pro-brown-pe-sheet_plastering-tools,OneStockHome,2026-05-01
พลาสติกปูพื้น ก่อนเทคอนกรีต PE สีชา หนา 0.3 มม.,พลาสติกปูพื้น,onestockhome,43881344,cement,20000.0,https://www.onestockhome.com/th/products/25807831/pro-brown-pe-sheet-03-mm?item_id=43881344,OneStockHome,2026-05-01
พลาสติกปูพื้น ก่อนเทคอนกรีต ขนาด 2 m X 100 m X 0.07 mm (หนา 70 ไมครอน) เนื้อ LDPE,พลาสติกปูพื้น,onestockhome,70506299,cement,20000.0,https://www.onestockhome.com/th/products/93852957/44081734?item_id=70506299,OneStockHome,2026-05-01
พลาสติกปูพื้น ก่อนเทคอนกรีต PE สีชา หนา 0.1 มม.,พลาสติกปูพื้น,onestockhome,53637077,cement,20000.0,https://www.onestockhome.com/th/products/66697430/pro-brown-pe-sheet-01-mm?item_id=53637077,OneStockHome,2026-05-01
พลาสติกปูพื้น ก่อนเทคอนกรีต PE สีชา หนา 0.2 มม.,พลาสติกปูพื้น,onestockhome,59384389,cement,20000.0,https://www.onestockhome.com/th/products/70795960/pro-brown-pe-sheet-02-mm,OneStockHome,2026-05-01
แผ่นพลาสติกปูพื้นก่อนเทคอนกรีต แผ่นพลาสติกปูกันซึม PE สีชา,แผ่นพลาสติกปูพื้นก่อนเทคอนกรีต,onestockhome,71686635,cement,20000.0,https://www.onestockhome.com/th/products/64501878/pro-brown-pe-sheet_plastering-tools?item_id=71686635,OneStockHome,2026-05-01
แผ่นพลาสติกปูพื้นก่อนเทคอนกรีต แผ่นพลาสติกปูกันซึม PE สีชา,แผ่นพลาสติกปูพื้นก่อนเทคอนกรีต,onestockhome,56492241,cement,20000.0,https://www.onestockhome.com/th/products/64501878/pro-brown-pe-sheet_plastering-tools?item_id=56492241,OneStockHome,2026-05-01
ปูนซีเมนต์ปอร์ตแลนด์ งานหล่อ SCG ขนาด 50 กก. ปูนช้างส้ม,ปูนซีเมนต์ปอร์ตแลนด์,scg,9408836,cement,20000.0,https://www.onestockhome.com/th/products/67480428/scg-precast-cement_structural-mortar_scg?item_id=9408836,OneStockHome,2026-05-01
ปูนช้างไฮบริด ปูนช้างแดง ปูนโครงสร้าง ปูนเทา SCG สูตรไฮบริด ขนาด 50 กก. ปูนไฮบริด,ปูนช้างไฮบริด,scg,47447270,cement,20000.0,https://www.onestockhome.com/th/products/37931240/scg-hybrid-cement_ordinary-portland-cement_scg,OneStockHome,2026-05-01
SCG Concrete Fabric ผ้าใบคอนกรีต เอสซีจี,SCG,scg,17430640,cement,20000.0,https://www.onestockhome.com/th/products/17744757/scg-concrete-fabric_equipment-for-pouring-concrete_scg?item_id=17430640,OneStockHome,2026-05-01
มาร์เบิ้ล วอชด์ เอสซีจี ผลึกหินอ่อนจากธรรมชาติผสมซีเมนต์ขาว ขนาด 20 กก.,มาร์เบิ้ล,scg,69204278,cement,20000.0,https://www.onestockhome.com/th/products/62094776/marble-washed-scg-20-kg_white-cement_scg,OneStockHome,2026-05-01
ปูนซีเมนต์ปอร์ตแลนด์ประเภทที่ 3 รับกำลังอัดเร็ว SCG ขนาด 50 กก.,ปูนซีเมนต์ปอร์ตแลนด์ประเภทที่,scg,75746365,cement,20000.0,https://www.onestockhome.com/th/products/31314273/scg-portland-cement-type-iii_structural-mortar_scg,OneStockHome,2026-05-01
ปูนซีเมนต์ปอร์ตแลนด์ทนน้ำเค็ม ดินเค็ม ปอซโซลาน SCG ขนาด 50 กก. ปูนช้างปอซโซลาน,ปูนซีเมนต์ปอร์ตแลนด์ทนน้ำเค็ม,scg,27780065,cement,20000.0,https://www.onestockhome.com/th/products/20515352/scg-portland-pozzolan-cement_structural-mortar_scg?item_id=27780065,OneStockHome,2026-05-01
ปูนซีเมนต์ปอร์ตแลนด์ งานหล่อ SCG ขนาด 50 กก. ปูนช้างส้ม,ปูนซีเมนต์ปอร์ตแลนด์,scg,41897833,cement,20000.0,https://www.onestockhome.com/th/products/67480428/scg-precast-cement_structural-mortar_scg,OneStockHome,2026-05-01
มาร์เบิ้ล วอชด์ เอสซีจี ผลึกหินอ่อนจากธรรมชาติผสมซีเมนต์ขาว ขนาด 20 กก.,มาร์เบิ้ล,scg,731475,cement,20000.0,https://www.onestockhome.com/th/products/62094776/marble-washed-scg-20-kg_white-cement_scg?item_id=731475,OneStockHome,2026-05-01
ปูนช้างไฮบริด ปูนช้างแดง ปูนโครงสร้าง ปูนเทา SCG สูตรไฮบริด ขนาด 50 กก. ปูนไฮบริด,ปูนช้างไฮบริด,scg,47447270,cement,20000.0,https://www.onestockhome.com/th/products/37931240/scg-hybrid-cement_ordinary-portland-cement_scg?item_id=47447270,OneStockHome,2026-05-01
มาร์เบิ้ล วอชด์ เอสซีจี ผลึกหินอ่อนจากธรรมชาติผสมซีเมนต์ขาว ขนาด 20 กก.,มาร์เบิ้ล,scg,69204278,cement,20000.0,https://www.onestockhome.com/th/products/62094776/marble-washed-scg-20-kg_white-cement_scg?item_id=69204278,OneStockHome,2026-05-01
ปูนซีเมนต์ปอร์ตแลนด์ทนน้ำเค็ม ดินเค็ม ปอซโซลาน SCG ขนาด 50 กก. ปูนช้างปอซโซลาน,ปูนซีเมนต์ปอร์ตแลนด์ทนน้ำเค็ม,scg,27780065,cement,20000.0,https://www.onestockhome.com/th/products/20515352/scg-portland-pozzolan-cement_structural-mortar_scg,OneStockHome,2026-05-01
ปูนซีเมนต์ปอร์ตแลนด์ ทนน้ำทะเล SCG ขนาด 50 กก.,ปูนซีเมนต์ปอร์ตแลนด์,scg,32863668,cement,20000.0,https://www.onestockhome.com/th/products/51920265/scg-marine-cement_structural-mortar_scg?item_id=32863668,OneStockHome,2026-05-01
ปูนซีเมนต์ปอร์ตแลนด์ งานหล่อ SCG ขนาด 50 กก. ปูนช้างส้ม,ปูนซีเมนต์ปอร์ตแลนด์,scg,41897833,cement,20000.0,https://www.onestockhome.com/th/products/67480428/scg-precast-cement_structural-mortar_scg?item_id=41897833,OneStockHome,2026-05-01
ปูนช้างแดง ปูนซีเมนต์ปอร์ตแลนด์ งานโครงสร้าง SCG ขนาด 50 กก. ปูนช้างแดง,ปูนช้างแดง,scg,6220274,cement,20000.0,https://www.onestockhome.com/th/products/39640578/scg-portland-cement-type-i_cement_scg?item_id=6220274,OneStockHome,2026-05-01
SCG Concrete Fabric ผ้าใบคอนกรีต เอสซีจี,SCG,scg,17430640,cement,20000.0,https://www.onestockhome.com/th/products/17744757/scg-concrete-fabric_equipment-for-pouring-concrete_scg,OneStockHome,2026-05-01
ปูนซีเมนต์ปอร์ตแลนด์ ทนน้ำทะเล SCG ขนาด 50 กก.,ปูนซีเมนต์ปอร์ตแลนด์,scg,32863668,cement,20000.0,https://www.onestockhome.com/th/products/51920265/scg-marine-cement_structural-mortar_scg,OneStockHome,2026-05-01
ปูนซีเมนต์ปอร์ตแลนด์ทนน้ำเค็ม ดินเค็ม ปอซโซลาน SCG ขนาด 50 กก. ปูนช้างปอซโซลาน,ปูนซีเมนต์ปอร์ตแลนด์ทนน้ำเค็ม,scg,41539283,cement,20000.0,https://www.onestockhome.com/th/products/20515352/scg-portland-pozzolan-cement_structural-mortar_scg?item_id=41539283,OneStockHome,2026-05-01
ปูนซีเมนต์ปอร์ตแลนด์ประเภทที่ 3 รับกำลังอัดเร็ว SCG ขนาด 50 กก.,ปูนซีเมนต์ปอร์ตแลนด์ประเภทที่,scg,75746365,cement,20000.0,https://www.onestockhome.com/th/products/31314273/scg-portland-cement-type-iii_structural-mortar_scg?item_id=75746365,OneStockHome,2026-05-01
มาร์เบิ้ล วอชด์ เอสซีจี ผลึกหินอ่อนจากธรรมชาติผสมซีเมนต์ขาว ขนาด 20 กก.,มาร์เบิ้ล,scg,95456683,cement,20000.0,https://www.onestockhome.com/th/products/62094776/marble-washed-scg-20-kg_white-cement_scg?item_id=95456683,OneStockHome,2026-05-01
ปูนช้างแดง ปูนซีเมนต์ปอร์ตแลนด์ งานโครงสร้าง SCG ขนาด 50 กก. ปูนช้างแดง,ปูนช้างแดง,scg,6220274,cement,20000.0,https://www.onestockhome.com/th/products/39640578/scg-portland-cement-type-i_cement_scg,OneStockHome,2026-05-01
ปูนซีเมนต์ปอร์ตแลนด์ประเภทที่ 3 รับกำลังอัดเร็ว SCG ขนาด 50 กก.,ปูนซีเมนต์ปอร์ตแลนด์ประเภทที่,scg,69217235,cement,20000.0,https://www.onestockhome.com/th/products/31314273/scg-portland-cement-type-iii_structural-mortar_scg?item_id=69217235,OneStockHome,2026-05-01
ปูนซีเมนต์ปอร์ตแลนด์ ทนน้ำทะเล SCG ขนาด 50 กก.,ปูนซีเมนต์ปอร์ตแลนด์,scg,82704747,cement,20000.0,https://www.onestockhome.com/th/products/51920265/scg-marine-cement_structural-mortar_scg?item_id=82704747,OneStockHome,2026-05-01
ปูนช้างไฮบริด ปูนช้างแดง ปูนโครงสร้าง ปูนเทา SCG สูตรไฮบริด ขนาด 50 กก. ปูนไฮบริด,ปูนช้างไฮบริด,scg,95767496,cement,20000.0,https://www.onestockhome.com/th/products/37931240/scg-hybrid-cement_ordinary-portland-cement_scg?item_id=95767496,OneStockHome,2026-05-01
ปูนสกิมโค้ท เสือ มอร์ตาร์ สีเทา ขนาด 20 กก.,ปูนสกิมโค้ท,tiger-brand,23798311,cement,20000.0,https://www.onestockhome.com/th/products/85078696/scg-skim-coat-grey_cement_tiger-brand_scg?item_id=23798311,OneStockHome,2026-05-01
คอนกรีตแห้ง เสือ มอร์ตาร์ ขนาด 50 กก.,คอนกรีตแห้ง,tiger-brand,83673656,cement,20000.0,https://www.onestockhome.com/th/products/5881822/scg-tiger-mortar-dry-concrete-240-ksc_ready-mixed-mortar_tiger-brand_scg?item_id=83673656,OneStockHome,2026-05-01
ปูนก่อ ฉาบ เท ตราเสือ สูตรเนื้อแน่น ขนาด 50 กก. ปูนเสือ,ปูนก่อ,tiger-brand,63153115,cement,20000.0,https://www.onestockhome.com/th/products/41254248/tiger-mixed-cement_roughcast_tiger-brand_scg,OneStockHome,2026-05-01
ปูนซีเมนต์สำเร็จรูป ฉาบทั่วไป เสือ มอร์ตาร์ รุ่นแพลทินัม เอ็กซ์เพิร์ท ขนาด 50 กก.,ปูนซีเมนต์สำเร็จรูป,tiger-brand,89043135,cement,20000.0,https://www.onestockhome.com/th/products/86045227/scg-tiger-mortar-general-plastering-platinum-xpert_ready-mixed-mortar_tiger-brand_scg,OneStockHome,2026-05-01
ปูนฉาบทั่วไป เสือ มอร์ตาร์ ขนาด 50 กก.,ปูนฉาบทั่วไป,tiger-brand,1328935,cement,20000.0,https://www.onestockhome.com/th/products/27975467/scg-tiger-mortar-general-plastering_normal-plaster-mortar_tiger-brand_scg?item_id=1328935,OneStockHome,2026-05-01
ปูนซีเมนต์ ฉาบสีผิวเรียบ เสือ เดคอร์ โทนสีขาว ขนาด 20 กก.,ปูนซีเมนต์,tiger-brand,6107062,cement,20000.0,https://www.onestockhome.com/th/products/3109169/tiger-decor-color-skim-coat-cement-white_skim-coat_tiger-brand_scg?item_id=6107062,OneStockHome,2026-05-01
ปูนซีเมนต์ขาวสำเร็จรูป เสือ งานมาร์เบิ้ลเรนเดอร์ สูตร อีซี่ มิกซ์ ขนาด 20 กก. เดิมชื่อ เสือ วัสดุผสมปูนซีเมนต์ มาร์เบิ้ลเรนเดอร์ ตกแต่งพื้น,ปูนซีเมนต์ขาวสำเร็จรูป,tiger-brand,34627191,cement,5000.0,https://www.onestockhome.com/th/products/26167551/tiger-marble-render-for-floor_white-cement_tiger-brand_scg?item_id=34627191,OneStockHome,2026-05-01
ปูนฉาบอิฐมวลเบา เสือ มอร์ตาร์ สูตรแพลทินัม เอ็กซ์เพิร์ท ขนาด 50 กก.,ปูนฉาบอิฐมวลเบา,tiger-brand,65772716,cement,20000.0,https://www.onestockhome.com/th/products/64106619/scg-tiger-mortar-light-weight-brick-plastering-platinum-xpert_lightweight-brick-plaster_tiger-brand_scg,OneStockHome,2026-05-01
ปูนเทปรับพื้น เสือ มอร์ตาร์ ขนาด 50 กก.,ปูนเทปรับพื้น,tiger-brand,28811526,cement,20000.0,https://www.onestockhome.com/th/products/21520633/scg-tiger-mortar-floor-screed_floor-screed-mortar_tiger-brand_scg?item_id=28811526,OneStockHome,2026-05-01
ปูนฉาบอิฐมวลเบา เสือ มอร์ตาร์ ขนาด 50 กก.,ปูนฉาบอิฐมวลเบา,tiger-brand,57058453,cement,20000.0,https://www.onestockhome.com/th/products/70378646/scg-tiger-mortar-light-weight-brick-plastering_lightweight-brick-plaster_tiger-brand_scg?item_id=57058453,OneStockHome,2026-05-01
ปูนฉาบอิฐมวลเบา เสือ มอร์ตาร์ ขนาด 50 กก.,ปูนฉาบอิฐมวลเบา,tiger-brand,61032494,cement,20000.0,https://www.onestockhome.com/th/products/70378646/scg-tiger-mortar-light-weight-brick-plastering_lightweight-brick-plaster_tiger-brand_scg?item_id=61032494,OneStockHome,2026-05-01
ปูนเทปรับพื้น เสือ มอร์ตาร์ ขนาด 50 กก.,ปูนเทปรับพื้น,tiger-brand,28811526,cement,20000.0,https://www.onestockhome.com/th/products/21520633/scg-tiger-mortar-floor-screed_floor-screed-mortar_tiger-brand_scg,OneStockHome,2026-05-01
ปูนซีเมนต์สำเร็จรูป ฉาบทั่วไป เสือ มอร์ตาร์ รุ่นแพลทินัม เอ็กซ์เพิร์ท ขนาด 50 กก.,ปูนซีเมนต์สำเร็จรูป,tiger-brand,75158846,cement,20000.0,https://www.onestockhome.com/th/products/86045227/scg-tiger-mortar-general-plastering-platinum-xpert_ready-mixed-mortar_tiger-brand_scg?item_id=75158846,OneStockHome,2026-05-01
ปูนสกิมโค้ท เสือ มอร์ตาร์ สีเทา ขนาด 20 กก.,ปูนสกิมโค้ท,tiger-brand,23798311,cement,20000.0,https://www.onestockhome.com/th/products/85078696/scg-skim-coat-grey_cement_tiger-brand_scg,OneStockHome,2026-05-01
ปูนซีเมนต์ขาวสำเร็จรูป เสือ งานมาร์เบิ้ลเรนเดอร์ สูตร อีซี่ มิกซ์ ขนาด 20 กก. เดิมชื่อ เสือ วัสดุผสมปูนซีเมนต์ มาร์เบิ้ลเรนเดอร์ ตกแต่งพื้น,ปูนซีเมนต์ขาวสำเร็จรูป,tiger-brand,49816548,cement,5000.0,https://www.onestockhome.com/th/products/26167551/tiger-marble-render-for-floor_white-cement_tiger-brand_scg?item_id=49816548,OneStockHome,2026-05-01
ปูนซีเมนต์ ฉาบสีผิวเรียบ เสือ เดคอร์ โทนสีขาว ขนาด 20 กก.,ปูนซีเมนต์,tiger-brand,6107062,cement,20000.0,https://www.onestockhome.com/th/products/3109169/tiger-decor-color-skim-coat-cement-white_skim-coat_tiger-brand_scg,OneStockHome,2026-05-01
คอนกรีตแห้ง เสือ มอร์ตาร์ ขนาด 50 กก.,คอนกรีตแห้ง,tiger-brand,83673656,cement,5000.0,https://www.onestockhome.com/th/products/5881822/scg-tiger-mortar-dry-concrete-240-ksc_ready-mixed-mortar_tiger-brand_scg,OneStockHome,2026-05-01
ปูนฉาบอิฐมวลเบา เสือ มอร์ตาร์ ขนาด 50 กก.,ปูนฉาบอิฐมวลเบา,tiger-brand,57058453,cement,20000.0,https://www.onestockhome.com/th/products/70378646/scg-tiger-mortar-light-weight-brick-plastering_lightweight-brick-plaster_tiger-brand_scg,OneStockHome,2026-05-01
ปูนก่อทั่วไป เสือ มอร์ตาร์ ขนาด 50 กก.,ปูนก่อทั่วไป,tiger-brand,58778116,cement,20000.0,https://www.onestockhome.com/th/products/93139034/scg-tiger-mortar-layering_ready-mixed-mortar_tiger-brand_scg,OneStockHome,2026-05-01
ปูนก่ออิฐมวลเบา เสือ มอร์ตาร์ ขนาด 50 กก.,ปูนก่ออิฐมวลเบา,tiger-brand,41340074,cement,20000.0,https://www.onestockhome.com/th/products/66701626/scg-tiger-mortar-light-weight-brick-laying-mortar_lightweight-brick-plaster_tiger-brand_scg,OneStockHome,2026-05-01
ปูนก่ออิฐมวลเบา เสือ มอร์ตาร์ ขนาด 50 กก.,ปูนก่ออิฐมวลเบา,tiger-brand,77609403,cement,5000.0,https://www.onestockhome.com/th/products/66701626/scg-tiger-mortar-light-weight-brick-laying-mortar_lightweight-brick-plaster_tiger-brand_scg?item_id=77609403,OneStockHome,2026-05-01
ปูนก่อ ฉาบ เท ตราเสือ สูตรเนื้อแน่น ขนาด 50 กก. ปูนเสือ,ปูนก่อ,tiger-brand,63153115,cement,20000.0,https://www.onestockhome.com/th/products/41254248/tiger-mixed-cement_roughcast_tiger-brand_scg?item_id=63153115,OneStockHome,2026-05-01
ปูนซีเมนต์สำเร็จรูป ฉาบทั่วไป เสือ มอร์ตาร์ รุ่นแพลทินัม เอ็กซ์เพิร์ท ขนาด 50 กก.,ปูนซีเมนต์สำเร็จรูป,tiger-brand,89043135,cement,5000.0,https://www.onestockhome.com/th/products/86045227/scg-tiger-mortar-general-plastering-platinum-xpert_ready-mixed-mortar_tiger-brand_scg?item_id=89043135,OneStockHome,2026-05-01
คอนกรีตแห้ง เสือ มอร์ตาร์ ขนาด 50 กก.,คอนกรีตแห้ง,tiger-brand,24569249,cement,5000.0,https://www.onestockhome.com/th/products/5881822/scg-tiger-mortar-dry-concrete-240-ksc_ready-mixed-mortar_tiger-brand_scg?item_id=24569249,OneStockHome,2026-05-01
ปูนฉาบอิฐมวลเบา เสือ มอร์ตาร์ สูตรแพลทินัม เอ็กซ์เพิร์ท ขนาด 50 กก.,ปูนฉาบอิฐมวลเบา,tiger-brand,49309792,cement,20000.0,https://www.onestockhome.com/th/products/64106619/scg-tiger-mortar-light-weight-brick-plastering-platinum-xpert_lightweight-brick-plaster_tiger-brand_scg?item_id=49309792,OneStockHome,2026-05-01
ปูนก่อทั่วไป เสือ มอร์ตาร์ ขนาด 50 กก.,ปูนก่อทั่วไป,tiger-brand,58778116,cement,20000.0,https://www.onestockhome.com/th/products/93139034/scg-tiger-mortar-layering_ready-mixed-mortar_tiger-brand_scg?item_id=58778116,OneStockHome,2026-05-01
ปูนฉาบทั่วไป เสือ มอร์ตาร์ ขนาด 50 กก.,ปูนฉาบทั่วไป,tiger-brand,1328935,cement,20000.0,https://www.onestockhome.com/th/products/27975467/scg-tiger-mortar-general-plastering_normal-plaster-mortar_tiger-brand_scg,OneStockHome,2026-05-01
ปูนเทปรับพื้น เสือ มอร์ตาร์ ขนาด 50 กก.,ปูนเทปรับพื้น,tiger-brand,22543543,cement,20000.0,https://www.onestockhome.com/th/products/21520633/scg-tiger-mortar-floor-screed_floor-screed-mortar_tiger-brand_scg?item_id=22543543,OneStockHome,2026-05-01
ปูนฉาบอิฐมวลเบา เสือ มอร์ตาร์ สูตรแพลทินัม เอ็กซ์เพิร์ท ขนาด 50 กก.,ปูนฉาบอิฐมวลเบา,tiger-brand,65772716,cement,20000.0,https://www.onestockhome.com/th/products/64106619/scg-tiger-mortar-light-weight-brick-plastering-platinum-xpert_lightweight-brick-plaster_tiger-brand_scg?item_id=65772716,OneStockHome,2026-05-01
ปูนซีเมนต์ ฉาบสีผิวเรียบ เสือ เดคอร์ โทนสีขาว ขนาด 20 กก.,ปูนซีเมนต์,tiger-brand,88173698,cement,20000.0,https://www.onestockhome.com/th/products/3109169/tiger-decor-color-skim-coat-cement-white_skim-coat_tiger-brand_scg?item_id=88173698,OneStockHome,2026-05-01
ปูนก่อ ฉาบ เท ตราเสือ สูตรเนื้อแน่น ขนาด 50 กก. ปูนเสือ,ปูนก่อ,tiger-brand,55198761,cement,5000.0,https://www.onestockhome.com/th/products/41254248/tiger-mixed-cement_roughcast_tiger-brand_scg?item_id=55198761,OneStockHome,2026-05-01
ปูนก่ออิฐมวลเบา เสือ มอร์ตาร์ ขนาด 50 กก.,ปูนก่ออิฐมวลเบา,tiger-brand,41340074,cement,20000.0,https://www.onestockhome.com/th/products/66701626/scg-tiger-mortar-light-weight-brick-laying-mortar_lightweight-brick-plaster_tiger-brand_scg?item_id=41340074,OneStockHome,2026-05-01
ปูนฉาบทั่วไป เสือ มอร์ตาร์ ขนาด 50 กก.,ปูนฉาบทั่วไป,tiger-brand,37227573,cement,20000.0,https://www.onestockhome.com/th/products/27975467/scg-tiger-mortar-general-plastering_normal-plaster-mortar_tiger-brand_scg?item_id=37227573,OneStockHome,2026-05-01
ปูนซีเมนต์ขาวสำเร็จรูป เสือ งานมาร์เบิ้ลเรนเดอร์ สูตร อีซี่ มิกซ์ ขนาด 20 กก. เดิมชื่อ เสือ วัสดุผสมปูนซีเมนต์ มาร์เบิ้ลเรนเดอร์ ตกแต่งพื้น,ปูนซีเมนต์ขาวสำเร็จรูป,tiger-brand,3175053,cement,5000.0,https://www.onestockhome.com/th/products/26167551/tiger-marble-render-for-floor_white-cement_tiger-brand_scg?item_id=3175053,OneStockHome,2026-05-01
ปูนซีเมนต์ขาวสำเร็จรูป เสือ งานมาร์เบิ้ลเรนเดอร์ สูตร อีซี่ มิกซ์ ขนาด 20 กก. เดิมชื่อ เสือ วัสดุผสมปูนซีเมนต์ มาร์เบิ้ลเรนเดอร์ ตกแต่งพื้น,ปูนซีเมนต์ขาวสำเร็จรูป,tiger-brand,34627191,cement,5000.0,https://www.onestockhome.com/th/products/26167551/tiger-marble-render-for-floor_white-cement_tiger-brand_scg,OneStockHome,2026-05-01
ปูนก่อทั่วไป เสือ มอร์ตาร์ ขนาด 50 กก.,ปูนก่อทั่วไป,tiger-brand,68724671,cement,20000.0,https://www.onestockhome.com/th/products/93139034/scg-tiger-mortar-layering_ready-mixed-mortar_tiger-brand_scg?item_id=68724671,OneStockHome,2026-05-01
ปูนก่อสำเร็จรูป ปูนฉาบสำเร็จรูป อิฐมวลเบา คิวคอน ขนาด 50 กก.,ปูนก่อสำเร็จรูป,q-con,61273863,cement,20000.0,https://www.onestockhome.com/th/products/72511997/q-con-mortar_cement_q-con,OneStockHome,2026-05-01
ปูนก่อสำเร็จรูป ปูนฉาบสำเร็จรูป อิฐมวลเบา คิวคอน ขนาด 50 กก.,ปูนก่อสำเร็จรูป,q-con,61273863,cement,20000.0,https://www.onestockhome.com/th/products/72511997/q-con-mortar_cement_q-con?item_id=61273863,OneStockHome,2026-05-01
หัวปั่นปูน Q-Con,หัวปั่นปูน,q-con,96639242,cement,20000.0,https://www.onestockhome.com/th/products/46012310/paddle-mixer-q-con_q-con?item_id=96639242,OneStockHome,2026-05-01
หัวปั่นปูน Q-Con,หัวปั่นปูน,q-con,96639242,cement,20000.0,https://www.onestockhome.com/th/products/46012310/paddle-mixer-q-con_q-con,OneStockHome,2026-05-01
ปูนก่อสำเร็จรูป ปูนฉาบสำเร็จรูป อิฐมวลเบา คิวคอน ขนาด 50 กก.,ปูนก่อสำเร็จรูป,q-con,44188420,cement,20000.0,https://www.onestockhome.com/th/products/72511997/q-con-mortar_cement_q-con?item_id=44188420,OneStockHome,2026-05-01
ปูนฉาบอิฐมวลเบา ตราลูกดิ่งแดง CP001 ชนิดกันความร้อนลดรอยแตกร้าว ขนาด 40 กก.,ปูนฉาบอิฐมวลเบา,quick-coat,40192353,cement,20000.0,https://www.onestockhome.com/th/products/18524828/cp001-loog-ding-red-light-weight-brick-plastering_lightweight-brick-plaster_quick-coat,OneStockHome,2026-05-01
ปูนเทปรับระดับสำเร็จรูป ตราจิงโจ้ CP009 ขนาด 40 กก.,ปูนเทปรับระดับสำเร็จรูป,quick-coat,82128169,cement,20000.0,https://www.onestockhome.com/th/products/74855890/cp009-kangaroo-leveling-cement_floor-screed-mortar_quick-coat,OneStockHome,2026-05-01
ปูนฉาบผิวบาง ตราลูกดิ่ง สีเทา CP051 ตกแต่งผิวผนัง ขนาด 20 กก.,ปูนฉาบผิวบาง,quick-coat,33289040,cement,20000.0,https://www.onestockhome.com/th/products/32332505/cp051-loog-ding-light-plastering-grey_skim-coat_quick-coat?item_id=33289040,OneStockHome,2026-05-01
คอนกรีตแห้ง 240 KSC. ตราจิงโจ้ CP104 ขนาด 40 กก.,คอนกรีตแห้ง,quick-coat,54609508,cement,20000.0,https://www.onestockhome.com/th/products/69146076/cp104-kangaroo-dry-concrete-240-ksc_dry-concrete_quick-coat,OneStockHome,2026-05-01
ปูนฉาบผิวคอนกรีต ตราลูกดิ่งเขียว CP003 ขนาด 40 กก.,ปูนฉาบผิวคอนกรีต,quick-coat,7581618,cement,12.64,https://www.onestockhome.com/th/products/6522655/cp003-loog-ding-green-concrete-surface-plastering_skim-coat_quick-coat?item_id=7581618,OneStockHome,2026-05-01
คอนกรีตแห้ง 240 KSC. ตราจิงโจ้ CP104 ขนาด 40 กก.,คอนกรีตแห้ง,quick-coat,9143089,cement,20000.0,https://www.onestockhome.com/th/products/69146076/cp104-kangaroo-dry-concrete-240-ksc_dry-concrete_quick-coat?item_id=9143089,OneStockHome,2026-05-01
ปูนฉาบผิวคอนกรีต ตราลูกดิ่งเขียว CP003 ขนาด 40 กก.,ปูนฉาบผิวคอนกรีต,quick-coat,7581618,cement,20000.0,https://www.onestockhome.com/th/products/6522655/cp003-loog-ding-green-concrete-surface-plastering_skim-coat_quick-coat,OneStockHome,2026-05-01
ปูนฉาบผนังขัดมัน ปูนลูกดิ่ง ลอฟท์ CP015/L ขนาด 20 กก.,ปูนฉาบผนังขัดมัน,quick-coat,18074802,cement,20000.0,https://www.onestockhome.com/th/products/67426817/cp015l-loog-ding-loft-cement_cement_quick-coat?item_id=18074802,OneStockHome,2026-05-01
คอนกรีตแห้ง 240 KSC. ตราจิงโจ้ CP104 ขนาด 40 กก.,คอนกรีตแห้ง,quick-coat,54609508,cement,20000.0,https://www.onestockhome.com/th/products/69146076/cp104-kangaroo-dry-concrete-240-ksc_dry-concrete_quick-coat?item_id=54609508,OneStockHome,2026-05-01
ปูนฉาบสำเร็จรูป ตราลูกดิ่งส้ม CP105 ฉาบสำเร็จรูปทั่วไป ขนาด 40 กก.,ปูนฉาบสำเร็จรูป,quick-coat,63639752,cement,20000.0,https://www.onestockhome.com/th/products/6592881/cp105-loog-ding-orange-general-plastering_normal-plaster-mortar_quick-coat,OneStockHome,2026-05-01
ปูนฉาบผิวบาง ตราลูกดิ่ง สีเทาอ่อน CP015/K ตกแต่งผิวผนัง ขนาด 20 กก.,ปูนฉาบผิวบาง,quick-coat,41085479,cement,20000.0,https://www.onestockhome.com/th/products/92072271/cp015k-loog-ding-light-plastering-light-grey_skim-coat_quick-coat?item_id=41085479,OneStockHome,2026-05-01
ปูนฉาบสำเร็จรูป ตราลูกดิ่งส้ม CP105 ฉาบสำเร็จรูปทั่วไป ขนาด 40 กก.,ปูนฉาบสำเร็จรูป,quick-coat,63639752,cement,20000.0,https://www.onestockhome.com/th/products/6592881/cp105-loog-ding-orange-general-plastering_normal-plaster-mortar_quick-coat?item_id=63639752,OneStockHome,2026-05-01
ปูนฉาบผิวบาง ตราลูกดิ่ง ชนิดฉาบบางสีขาว CP015/A ขนาด 20 กก.,ปูนฉาบผิวบาง,quick-coat,7139397,cement,20000.0,https://www.onestockhome.com/th/products/89768120/cp015a-loog-ding-light-plastering-white_cement_quick-coat,OneStockHome,2026-05-01
ปูนกาวก่ออิฐมวลเบาสำเร็จรูป ตราจิงโจ้ม่วง CP007 ขนาด 40 กก.,ปูนกาวก่ออิฐมวลเบาสำเร็จรูป,quick-coat,97365240,cement,20000.0,https://www.onestockhome.com/th/products/81673434/cp007-kangaroo-purple-light-weight-brick-layering_lightweight-brick-plaster_quick-coat,OneStockHome,2026-05-01
ปูนซ่อมรอยแตกร้าว ตราลูกดิ่ง CP046/E มีทราย ขนาด 1 กก.,ปูนซ่อมรอยแตกร้าว,quick-coat,796116,cement,20000.0,https://www.onestockhome.com/th/products/95200932/cp046e-loog-ding-crack-fixed-cement-with-sand_concrete-surface-repair_quick-coat?item_id=796116,OneStockHome,2026-05-01
ปูนฉาบผิวบาง ตราลูกดิ่ง ชนิดฉาบบางสีขาว CP015/A ขนาด 20 กก.,ปูนฉาบผิวบาง,quick-coat,7139397,cement,20000.0,https://www.onestockhome.com/th/products/89768120/cp015a-loog-ding-light-plastering-white_cement_quick-coat?item_id=7139397,OneStockHome,2026-05-01
ปูนกาวก่ออิฐมวลเบาสำเร็จรูป ตราจิงโจ้ม่วง CP007 ขนาด 40 กก.,ปูนกาวก่ออิฐมวลเบาสำเร็จรูป,quick-coat,15200779,cement,5000.0,https://www.onestockhome.com/th/products/81673434/cp007-kangaroo-purple-light-weight-brick-layering_lightweight-brick-plaster_quick-coat?item_id=15200779,OneStockHome,2026-05-01
ปูนฉาบผิวบาง ตราลูกดิ่ง สีเทาอ่อน CP015/K ตกแต่งผิวผนัง ขนาด 20 กก.,ปูนฉาบผิวบาง,quick-coat,41085479,cement,20000.0,https://www.onestockhome.com/th/products/92072271/cp015k-loog-ding-light-plastering-light-grey_skim-coat_quick-coat,OneStockHome,2026-05-01
ปูนซ่อมรอยแตกร้าว ตราลูกดิ่ง CP046/E มีทราย ขนาด 1 กก.,ปูนซ่อมรอยแตกร้าว,quick-coat,796116,cement,20000.0,https://www.onestockhome.com/th/products/95200932/cp046e-loog-ding-crack-fixed-cement-with-sand_concrete-surface-repair_quick-coat,OneStockHome,2026-05-01
ปูนฉาบผิวบาง ตราลูกดิ่ง CP015/B ขนาด 20 กก.,ปูนฉาบผิวบาง,quick-coat,75894154,cement,20000.0,https://www.onestockhome.com/th/products/96766882/cp015b-loog-ding-thin-plastering_skim-coat_quick-coat,OneStockHome,2026-05-01
ปูนเทปรับระดับสำเร็จรูป ตราจิงโจ้ CP009 ขนาด 40 กก.,ปูนเทปรับระดับสำเร็จรูป,quick-coat,82128169,cement,20000.0,https://www.onestockhome.com/th/products/74855890/cp009-kangaroo-leveling-cement_floor-screed-mortar_quick-coat?item_id=82128169,OneStockHome,2026-05-01
ปูนฉาบอิฐมวลเบา ตราลูกดิ่งแดง CP001 ชนิดกันความร้อนลดรอยแตกร้าว ขนาด 40 กก.,ปูนฉาบอิฐมวลเบา,quick-coat,10495806,cement,5000.0,https://www.onestockhome.com/th/products/18524828/cp001-loog-ding-red-light-weight-brick-plastering_lightweight-brick-plaster_quick-coat?item_id=10495806,OneStockHome,2026-05-01
ปูนเทปรับระดับสำเร็จรูป ตราจิงโจ้ CP009 ขนาด 40 กก.,ปูนเทปรับระดับสำเร็จรูป,quick-coat,9361067,cement,20000.0,https://www.onestockhome.com/th/products/74855890/cp009-kangaroo-leveling-cement_floor-screed-mortar_quick-coat?item_id=9361067,OneStockHome,2026-05-01
ปูนฉาบอิฐมวลเบา ตราลูกดิ่งแดง CP001 ชนิดกันความร้อนลดรอยแตกร้าว ขนาด 40 กก.,ปูนฉาบอิฐมวลเบา,quick-coat,40192353,cement,5000.0,https://www.onestockhome.com/th/products/18524828/cp001-loog-ding-red-light-weight-brick-plastering_lightweight-brick-plaster_quick-coat?item_id=40192353,OneStockHome,2026-05-01
ปูนกาวก่ออิฐมวลเบาสำเร็จรูป ตราจิงโจ้ม่วง CP007 ขนาด 40 กก.,ปูนกาวก่ออิฐมวลเบาสำเร็จรูป,quick-coat,97365240,cement,20000.0,https://www.onestockhome.com/th/products/81673434/cp007-kangaroo-purple-light-weight-brick-layering_lightweight-brick-plaster_quick-coat?item_id=97365240,OneStockHome,2026-05-01
ปูนฉาบผิวบาง ตราลูกดิ่ง CP015/B ขนาด 20 กก.,ปูนฉาบผิวบาง,quick-coat,75894154,cement,20000.0,https://www.onestockhome.com/th/products/96766882/cp015b-loog-ding-thin-plastering_skim-coat_quick-coat?item_id=75894154,OneStockHome,2026-05-01
ปูนฉาบผนังขัดมัน ปูนลูกดิ่ง ลอฟท์ CP015/L ขนาด 20 กก.,ปูนฉาบผนังขัดมัน,quick-coat,18074802,cement,20000.0,https://www.onestockhome.com/th/products/67426817/cp015l-loog-ding-loft-cement_cement_quick-coat,OneStockHome,2026-05-01
ปูนฉาบผิวบาง ตราลูกดิ่ง สีเทา CP051 ตกแต่งผิวผนัง ขนาด 20 กก.,ปูนฉาบผิวบาง,quick-coat,33289040,cement,20000.0,https://www.onestockhome.com/th/products/32332505/cp051-loog-ding-light-plastering-grey_skim-coat_quick-coat,OneStockHome,2026-05-01
ปูนฉาบสำเร็จรูป ตราลูกดิ่งส้ม CP105 ฉาบสำเร็จรูปทั่วไป ขนาด 40 กก.,ปูนฉาบสำเร็จรูป,quick-coat,17211026,cement,20000.0,https://www.onestockhome.com/th/products/6592881/cp105-loog-ding-orange-general-plastering_normal-plaster-mortar_quick-coat?item_id=17211026,OneStockHome,2026-05-01
ซีเมนต์ฉาบผิวละเอียด TOA 110 20 กก. สีเทา,ซีเมนต์ฉาบผิวละเอียด,toa,9796023,cement,20000.0,https://www.onestockhome.com/th/products/97768164/cement-coat-110-20kg-gray-subtle-textur_construction-chemicals_toa,OneStockHome,2026-05-01
สกิมโค้ท ปูนฉาบบาง TOA สีเทา ขนาด 20 กก.,สกิมโค้ท,toa,11557672,cement,20000.0,https://www.onestockhome.com/th/products/26861406/toa-skim-coat_skim-coat_toa?item_id=11557672,OneStockHome,2026-05-01
ซีเมนต์ไม่หดตัว TOA GROUT GP 25 กก.,ซีเมนต์ไม่หดตัว,toa,24455398,cement,20000.0,https://www.onestockhome.com/th/products/71730592/toa-non-shrink-grout-gp-25kg_construction-chemicals_toa?item_id=24455398,OneStockHome,2026-05-01
สกิมโค้ท ปูนฉาบบาง TOA สีขาว ขนาด 20 กก.,สกิมโค้ท,toa,89948076,cement,20000.0,https://www.onestockhome.com/th/products/89471082/toa-skim-coat-white_toa,OneStockHome,2026-05-01
สกิมโค้ท อะคริลิคสำเร็จรูป ฉาบบาง TOA 102 ดีโค้ท,สกิมโค้ท,toa,96994625,cement,20000.0,https://www.onestockhome.com/th/products/47178549/toa-102-d-cote_skim-coat_toa?item_id=96994625,OneStockHome,2026-05-01
สกิมโค้ท สมูท ปูนฉาบบาง ปิดรอยร้าว TOA 110 สีขาว ขนาด 20 กก.,สกิมโค้ท,toa,49983835,cement,20000.0,https://www.onestockhome.com/th/products/76700575/toa-110-skim-coat-smooth-white_toa?item_id=49983835,OneStockHome,2026-05-01
สกิมโค้ท อะคริลิคสำเร็จรูป ฉาบบาง TOA 102 ดีโค้ท,สกิมโค้ท,toa,18355887,cement,20000.0,https://www.onestockhome.com/th/products/47178549/toa-102-d-cote_skim-coat_toa,OneStockHome,2026-05-01
ซีเมนต์ฉาบผิวละเอียด TOA 110 20 กก. สีขาว,ซีเมนต์ฉาบผิวละเอียด,toa,86764127,cement,20000.0,https://www.onestockhome.com/th/products/77779398/cement-skim-coat-110-20kg-white_construction-chemicals_toa?item_id=86764127,OneStockHome,2026-05-01
ซีเมนต์ฉาบผิวละเอียด TOA 110 20 กก. สีขาว,ซีเมนต์ฉาบผิวละเอียด,toa,86764127,cement,20000.0,https://www.onestockhome.com/th/products/77779398/cement-skim-coat-110-20kg-white_construction-chemicals_toa,OneStockHome,2026-05-01
สกิมโค้ท สมูท ปูนฉาบบาง ปิดรอยร้าว TOA 110 สีขาว ขนาด 20 กก.,สกิมโค้ท,toa,49983835,cement,20000.0,https://www.onestockhome.com/th/products/76700575/toa-110-skim-coat-smooth-white_toa,OneStockHome,2026-05-01
สกิมโค้ท สมูท ปูนฉาบบาง ปิดรอยร้าว TOA 110 สีเทา ขนาด 20 กก.,สกิมโค้ท,toa,21042666,cement,20000.0,https://www.onestockhome.com/th/products/71527846/toa-110-skim-coat-smooth_skim-coat_toa?item_id=21042666,OneStockHome,2026-05-01
สกิมโค้ท ปูนฉาบบาง TOA สีเทา ขนาด 20 กก.,สกิมโค้ท,toa,11557672,cement,20000.0,https://www.onestockhome.com/th/products/26861406/toa-skim-coat_skim-coat_toa,OneStockHome,2026-05-01
สกิมโค้ท สมูท ปูนฉาบบาง ปิดรอยร้าว TOA 110 สีเทา ขนาด 20 กก.,สกิมโค้ท,toa,21042666,cement,20000.0,https://www.onestockhome.com/th/products/71527846/toa-110-skim-coat-smooth_skim-coat_toa,OneStockHome,2026-05-01
ซีเมนต์ฉาบผิวละเอียด TOA 110 20 กก. สีเทา,ซีเมนต์ฉาบผิวละเอียด,toa,9796023,cement,12.64,https://www.onestockhome.com/th/products/97768164/cement-coat-110-20kg-gray-subtle-textur_construction-chemicals_toa?item_id=9796023,OneStockHome,2026-05-01
สกิมโค้ท อะคริลิคสำเร็จรูป ฉาบบาง TOA 102 ดีโค้ท,สกิมโค้ท,toa,18355887,cement,12.64,https://www.onestockhome.com/th/products/47178549/toa-102-d-cote_skim-coat_toa?item_id=18355887,OneStockHome,2026-05-01
สกิมโค้ท ปูนฉาบบาง TOA สีขาว ขนาด 20 กก.,สกิมโค้ท,toa,89948076,cement,20000.0,https://www.onestockhome.com/th/products/89471082/toa-skim-coat-white_toa?item_id=89948076,OneStockHome,2026-05-01
ซีเมนต์ไม่หดตัว TOA GROUT GP 25 กก.,ซีเมนต์ไม่หดตัว,toa,24455398,cement,20000.0,https://www.onestockhome.com/th/products/71730592/toa-non-shrink-grout-gp-25kg_construction-chemicals_toa,OneStockHome,2026-05-01
ปูน TPI M210 ปูนฉาบอิฐมวลเบา ขนาด 50 กก.,ปูน,tpi,63210549,cement,5000.0,https://www.onestockhome.com/th/products/32701666/tpi-m210-lightweight-block-plastering-mortar-50-kg_lightweight-brick-plaster_tpi?item_id=63210549,OneStockHome,2026-05-01
ปูน TPI M200 ปูนฉาบทั่วไปสำเร็จรูป ขนาด 50 กก.,ปูน,tpi,39283017,cement,20000.0,https://www.onestockhome.com/th/products/42946516/tpi-m200-general-plastering-mortar-50-kg_ready-mixed-mortar_tpi?item_id=39283017,OneStockHome,2026-05-01
คอนกรีตแห้ง TPI M402 เสาเอ็นทับหลัง ลานจอดรถ ขนาด 50 กก.,คอนกรีตแห้ง,tpi,43909575,cement,20000.0,https://www.onestockhome.com/th/products/3513834/tpi-m402-post-lintel-and-car-park-concrete-50-kg_ready-mixed-mortar_tpi,OneStockHome,2026-05-01
ปูน TPI M410 ปูนปรับระดับสำเร็จรูปชนิดไหลตัวดี ขนาด 50 กก.,ปูน,tpi,65565166,cement,20000.0,https://www.onestockhome.com/th/products/99995487/tpi-m410-semi-self-leveling_cement_tpi,OneStockHome,2026-05-01
ปูน TPI M400 ปูนปรับระดับสำเร็จรูป ขนาด 50 กก.,ปูน,tpi,65060957,cement,20000.0,https://www.onestockhome.com/th/products/13556738/tpi-m400-floor-screed-mortar-50-kg_ready-mixed-mortar_tpi,OneStockHome,2026-05-01
ปูนเขียว TPI 199 ก่อ ฉาบ ขนาด 50 กก.,ปูนเขียว,tpi,9316404,cement,20000.0,https://www.onestockhome.com/th/products/8767172/tpi-mixed-cement-199_roughcast_tpi?item_id=9316404,OneStockHome,2026-05-01
ปูน TPI M409 ปูนปรับระดับสำเร็จรูป ขนาด 50 กก.,ปูน,tpi,58504936,cement,20000.0,https://www.onestockhome.com/th/products/8410956/tpi-m409-floor-screed-mortar-50-kg_ready-mixed-mortar_tpi?item_id=58504936,OneStockHome,2026-05-01
ปูน TPI M210 ปูนฉาบอิฐมวลเบา ขนาด 50 กก.,ปูน,tpi,5412731,cement,20000.0,https://www.onestockhome.com/th/products/32701666/tpi-m210-lightweight-block-plastering-mortar-50-kg_lightweight-brick-plaster_tpi?item_id=5412731,OneStockHome,2026-05-01
ปูน TPI M210 ปูนฉาบอิฐมวลเบา ขนาด 50 กก.,ปูน,tpi,63210549,cement,20000.0,https://www.onestockhome.com/th/products/32701666/tpi-m210-lightweight-block-plastering-mortar-50-kg_lightweight-brick-plaster_tpi,OneStockHome,2026-05-01
ปูนเขียว TPI 197 ก่อ ฉาบ เท ขนาด 50 กก.,ปูนเขียว,tpi,58263573,cement,20000.0,https://www.onestockhome.com/th/products/50569549/tpi-mixed-cement-197_cement-50-kg_tpi,OneStockHome,2026-05-01
คอนกรีตแห้ง TPI M404 งานเสา คาน ตอม่อ ขนาด 50 กก.,คอนกรีตแห้ง,tpi,62522847,cement,20000.0,https://www.onestockhome.com/th/products/81864385/tpi-m404-post-work-beam-and-foundation-post-concrete-50-kg_ready-mixed-mortar_tpi?item_id=62522847,OneStockHome,2026-05-01
ปูน TPI M310 ปูนก่ออิฐมวลเบา ขนาด 50 กก.,ปูน,tpi,71443677,cement,20000.0,https://www.onestockhome.com/th/products/12975933/tpi-m310-light-weight-block-masonry-50-kg_lightweight-brick-plaster_tpi?item_id=71443677,OneStockHome,2026-05-01
ปูนเขียว TPI 197 ก่อ ฉาบ เท ขนาด 50 กก.,ปูนเขียว,tpi,58263573,cement,20000.0,https://www.onestockhome.com/th/products/50569549/tpi-mixed-cement-197_cement-50-kg_tpi?item_id=58263573,OneStockHome,2026-05-01
ปูน TPI M310 ปูนก่ออิฐมวลเบา ขนาด 50 กก.,ปูน,tpi,62962433,cement,20000.0,https://www.onestockhome.com/th/products/12975933/tpi-m310-light-weight-block-masonry-50-kg_lightweight-brick-plaster_tpi?item_id=62962433,OneStockHome,2026-05-01
ปูน TPI M400 ปูนปรับระดับสำเร็จรูป ขนาด 50 กก.,ปูน,tpi,65060957,cement,5000.0,https://www.onestockhome.com/th/products/13556738/tpi-m400-floor-screed-mortar-50-kg_ready-mixed-mortar_tpi?item_id=65060957,OneStockHome,2026-05-01
ปูน TPI M200 ปูนฉาบทั่วไปสำเร็จรูป ขนาด 50 กก.,ปูน,tpi,12094910,cement,20000.0,https://www.onestockhome.com/th/products/42946516/tpi-m200-general-plastering-mortar-50-kg_ready-mixed-mortar_tpi?item_id=12094910,OneStockHome,2026-05-01
ปูน TPI M410 ปูนปรับระดับสำเร็จรูปชนิดไหลตัวดี ขนาด 50 กก.,ปูน,tpi,44747387,cement,20000.0,https://www.onestockhome.com/th/products/99995487/tpi-m410-semi-self-leveling_cement_tpi?item_id=44747387,OneStockHome,2026-05-01
ปูนแดง TPI 299 งานโครงสร้าง งานหล่อ ขนาด 50 กก.,ปูนแดง,tpi,92365906,cement,20000.0,https://www.onestockhome.com/th/products/4241688/tpi-portland-type-1-cement-299_structural-mortar_tpi?item_id=92365906,OneStockHome,2026-05-01
ปูนแดง TPI 299 งานโครงสร้าง งานหล่อ ขนาด 50 กก.,ปูนแดง,tpi,4560291,cement,5000.0,https://www.onestockhome.com/th/products/4241688/tpi-portland-type-1-cement-299_structural-mortar_tpi?item_id=4560291,OneStockHome,2026-05-01
คอนกรีตแห้ง TPI M402 เสาเอ็นทับหลัง ลานจอดรถ ขนาด 50 กก.,คอนกรีตแห้ง,tpi,43909575,cement,20000.0,https://www.onestockhome.com/th/products/3513834/tpi-m402-post-lintel-and-car-park-concrete-50-kg_ready-mixed-mortar_tpi?item_id=43909575,OneStockHome,2026-05-01
ปูนเขียว TPI ฉาบ ก่อ ขนาด 50 กก.,ปูนเขียว,tpi,15795310,cement,20000.0,https://www.onestockhome.com/th/products/71297947/tpi-mixed-cement-green_cement-50-kg_tpi?item_id=15795310,OneStockHome,2026-05-01
ปูนเขียว TPI 199 ก่อ ฉาบ ขนาด 50 กก.,ปูนเขียว,tpi,9316404,cement,20000.0,https://www.onestockhome.com/th/products/8767172/tpi-mixed-cement-199_roughcast_tpi,OneStockHome,2026-05-01
คอนกรีตแห้ง TPI M404 งานเสา คาน ตอม่อ ขนาด 50 กก.,คอนกรีตแห้ง,tpi,67727031,cement,20000.0,https://www.onestockhome.com/th/products/81864385/tpi-m404-post-work-beam-and-foundation-post-concrete-50-kg_ready-mixed-mortar_tpi?item_id=67727031,OneStockHome,2026-05-01
คอนกรีตแห้ง TPI M404 งานเสา คาน ตอม่อ ขนาด 50 กก.,คอนกรีตแห้ง,tpi,62522847,cement,20000.0,https://www.onestockhome.com/th/products/81864385/tpi-m404-post-work-beam-and-foundation-post-concrete-50-kg_ready-mixed-mortar_tpi,OneStockHome,2026-05-01
ปูน TPI M400 ปูนปรับระดับสำเร็จรูป ขนาด 50 กก.,ปูน,tpi,59996808,cement,20000.0,https://www.onestockhome.com/th/products/13556738/tpi-m400-floor-screed-mortar-50-kg_ready-mixed-mortar_tpi?item_id=59996808,OneStockHome,2026-05-01
ปูน TPI M310 ปูนก่ออิฐมวลเบา ขนาด 50 กก.,ปูน,tpi,71443677,cement,20000.0,https://www.onestockhome.com/th/products/12975933/tpi-m310-light-weight-block-masonry-50-kg_lightweight-brick-plaster_tpi,OneStockHome,2026-05-01
ปูนแดง TPI 299 งานโครงสร้าง งานหล่อ ขนาด 50 กก.,ปูนแดง,tpi,4560291,cement,20000.0,https://www.onestockhome.com/th/products/4241688/tpi-portland-type-1-cement-299_structural-mortar_tpi,OneStockHome,2026-05-01
ปูน TPI M409 ปูนปรับระดับสำเร็จรูป ขนาด 50 กก.,ปูน,tpi,58504936,cement,20000.0,https://www.onestockhome.com/th/products/8410956/tpi-m409-floor-screed-mortar-50-kg_ready-mixed-mortar_tpi,OneStockHome,2026-05-01
ปูนเขียว TPI 199 ก่อ ฉาบ ขนาด 50 กก.,ปูนเขียว,tpi,78108455,cement,20000.0,https://www.onestockhome.com/th/products/8767172/tpi-mixed-cement-199_roughcast_tpi?item_id=78108455,OneStockHome,2026-05-01
ปูน TPI M410 ปูนปรับระดับสำเร็จรูปชนิดไหลตัวดี ขนาด 50 กก.,ปูน,tpi,65565166,cement,20000.0,https://www.onestockhome.com/th/products/99995487/tpi-m410-semi-self-leveling_cement_tpi?item_id=65565166,OneStockHome,2026-05-01
ปูน TPI M409 ปูนปรับระดับสำเร็จรูป ขนาด 50 กก.,ปูน,tpi,88846196,cement,20000.0,https://www.onestockhome.com/th/products/8410956/tpi-m409-floor-screed-mortar-50-kg_ready-mixed-mortar_tpi?item_id=88846196,OneStockHome,2026-05-01
ปูนเขียว TPI ฉาบ ก่อ ขนาด 50 กก.,ปูนเขียว,tpi,15795310,cement,20000.0,https://www.onestockhome.com/th/products/71297947/tpi-mixed-cement-green_cement-50-kg_tpi,OneStockHome,2026-05-01
คอนกรีตแห้ง TPI M402 เสาเอ็นทับหลัง ลานจอดรถ ขนาด 50 กก.,คอนกรีตแห้ง,tpi,9530649,cement,20000.0,https://www.onestockhome.com/th/products/3513834/tpi-m402-post-lintel-and-car-park-concrete-50-kg_ready-mixed-mortar_tpi?item_id=9530649,OneStockHome,2026-05-01
ปูนเขียว TPI 197 ก่อ ฉาบ เท ขนาด 50 กก.,ปูนเขียว,tpi,11385082,cement,20000.0,https://www.onestockhome.com/th/products/50569549/tpi-mixed-cement-197_cement-50-kg_tpi?item_id=11385082,OneStockHome,2026-05-01
ปูน TPI M200 ปูนฉาบทั่วไปสำเร็จรูป ขนาด 50 กก.,ปูน,tpi,12094910,cement,7.24,https://www.onestockhome.com/th/products/42946516/tpi-m200-general-plastering-mortar-50-kg_ready-mixed-mortar_tpi,OneStockHome,2026-05-01
ปูนเขียว TPI ฉาบ ก่อ ขนาด 50 กก.,ปูนเขียว,tpi,46954111,cement,5000.0,https://www.onestockhome.com/th/products/71297947/tpi-mixed-cement-green_cement-50-kg_tpi?item_id=46954111,OneStockHome,2026-05-01
เกรียงโป๊วยิปซั่ม ไม่มีฟัน DIMOND,เกรียงโป๊วยิปซั่ม,diamond,11046894,cement,20000.0,https://www.onestockhome.com/th/products/18943145/trowel-dimond-ch303-01-trowel_hardware-tools_diamond?item_id=11046894,OneStockHome,2026-05-01
เกรียงโป๊วยิปซั่ม ไม่มีฟัน DIMOND,เกรียงโป๊วยิปซั่ม,diamond,11046894,cement,20000.0,https://www.onestockhome.com/th/products/18943145/trowel-dimond-ch303-01-trowel_hardware-tools_diamond,OneStockHome,2026-05-01
ปูมสกิมโค้ท เวเบอร์เบส ผลิตภัณฑ์งานฉาบ สีเทา ขนาด 20 กก.,ปูมสกิมโค้ท,weber,79380136,cement,20000.0,https://www.onestockhome.com/th/products/24747224/weberbase-skim-coat-grey_weber_saint-gobain?item_id=79380136,OneStockHome,2026-05-01
ปูนฉาบสำเร็จรูป เวเบอร์เบส สกิม อัลตร้า บอนด์ 20 กก.,ปูนฉาบสำเร็จรูป,weber,98653717,cement,20000.0,https://www.onestockhome.com/th/products/41710122/weberbase-skim-ultrabond_normal-plaster-mortar_weber_saint-gobain,OneStockHome,2026-05-01
ปูนฉาบสำเร็จรูป เวเบอร์เบส สกิม อัลตร้า บอนด์ 20 กก.,ปูนฉาบสำเร็จรูป,weber,42559223,cement,20000.0,https://www.onestockhome.com/th/products/41710122/weberbase-skim-ultrabond_normal-plaster-mortar_weber_saint-gobain?item_id=42559223,OneStockHome,2026-05-01
ปูมสกิมโค้ท เวเบอร์เบส ผลิตภัณฑ์งานฉาบ สีเทา ขนาด 20 กก.,ปูมสกิมโค้ท,weber,79380136,cement,20000.0,https://www.onestockhome.com/th/products/24747224/weberbase-skim-coat-grey_weber_saint-gobain,OneStockHome,2026-05-01
ปูนฉาบปรับระนาบ สำหรับงานฉาบ เวเบอร์เบส ขนาด 25 กก.,ปูนฉาบปรับระนาบ,weber,43044996,cement,20000.0,https://www.onestockhome.com/th/products/95031596/weberbase-levelling-plaster_normal-plaster-mortar_weber_saint-gobain,OneStockHome,2026-05-01
ปูมสกิมโค้ท เวเบอร์เบส ผลิตภัณฑ์งานฉาบ สีขาว ขนาด 20 กก.,ปูมสกิมโค้ท,weber,75345697,cement,20000.0,https://www.onestockhome.com/th/products/3240796/weberbase-skim-coat_cement_weber_saint-gobain,OneStockHome,2026-05-01
ปูนฉาบสำเร็จรูป เวเบอร์เบส สกิม อัลตร้า บอนด์ 20 กก.,ปูนฉาบสำเร็จรูป,weber,98653717,cement,20000.0,https://www.onestockhome.com/th/products/41710122/weberbase-skim-ultrabond_normal-plaster-mortar_weber_saint-gobain?item_id=98653717,OneStockHome,2026-05-01
ปูมสกิมโค้ท เวเบอร์เบส ผลิตภัณฑ์งานฉาบ สีขาว ขนาด 20 กก.,ปูมสกิมโค้ท,weber,75345697,cement,20000.0,https://www.onestockhome.com/th/products/3240796/weberbase-skim-coat_cement_weber_saint-gobain?item_id=75345697,OneStockHome,2026-05-01
ปูนฉาบปรับระนาบ สำหรับงานฉาบ เวเบอร์เบส ขนาด 25 กก.,ปูนฉาบปรับระนาบ,weber,43044996,cement,20000.0,https://www.onestockhome.com/th/products/95031596/weberbase-levelling-plaster_normal-plaster-mortar_weber_saint-gobain?item_id=43044996,OneStockHome,2026-05-01
ปูนก่ออิฐมวลเบา เวเบอร์เซ็ท 40 กก.,ปูนก่ออิฐมวลเบา,weber,17145945,cement,20000.0,https://www.onestockhome.com/th/products/62786492/weberset-lightweight-block_lightweight-brick-plaster_weber_saint-gobain?item_id=17145945,OneStockHome,2026-05-01
ปูนก่ออิฐมวลเบา เวเบอร์เซ็ท 40 กก.,ปูนก่ออิฐมวลเบา,weber,81908383,cement,20000.0,https://www.onestockhome.com/th/products/62786492/weberset-lightweight-block_lightweight-brick-plaster_weber_saint-gobain?item_id=81908383,OneStockHome,2026-05-01
ปูนก่ออิฐมวลเบา เวเบอร์เซ็ท 40 กก.,ปูนก่ออิฐมวลเบา,weber,17145945,cement,20000.0,https://www.onestockhome.com/th/products/62786492/weberset-lightweight-block_lightweight-brick-plaster_weber_saint-gobain,OneStockHome,2026-05-01
สกิมโค้ท อะคริลิคสำเร็จรูป ฉาบบาง TOA โฟร์ซีซั่นส์ ดีโค้ท,สกิมโค้ท,4-seasons,91275495,cement,20000.0,https://www.onestockhome.com/th/products/69304804/toa-4-seasons-d-cote_skim-coat_4-seasons_toa,OneStockHome,2026-05-01
สกิมโค้ท อะคริลิคสำเร็จรูป ฉาบบาง TOA โฟร์ซีซั่นส์ ดีโค้ท,สกิมโค้ท,4-seasons,2530623,cement,20000.0,https://www.onestockhome.com/th/products/69304804/toa-4-seasons-d-cote_skim-coat_4-seasons_toa?item_id=2530623,OneStockHome,2026-05-01
สกิมโค้ท อะคริลิคสำเร็จรูป ฉาบบาง TOA โฟร์ซีซั่นส์ ดีโค้ท,สกิมโค้ท,4-seasons,91275495,cement,20000.0,https://www.onestockhome.com/th/products/69304804/toa-4-seasons-d-cote_skim-coat_4-seasons_toa?item_id=91275495,OneStockHome,2026-05-01
